{
  "pr_auc": 0.10364987763989676,
  "roc_auc": 0.7837126517273576,
  "f1": 0.1489971346704871,
  "precision": 0.09811320754716982,
  "recall": 0.30952380952380953,
  "threshold": 0.5,
  "test_windows": 2124,
  "test_positive_rate": 0.03954802259887006
}